Notes,State,State Code,Year,Year Code,Deaths,Population,Crude Rate
,Alabama,1,1999,1999,116,4430141,2.6184
,Alabama,1,2000,2000,130,4447100,2.9233
,Alabama,1,2001,2001,166,4467634,3.7156
,Alabama,1,2002,2002,171,4480089,3.8169
,Alabama,1,2003,2003,155,4503491,3.4418
,Alabama,1,2004,2004,223,4530729,4.9219
,Alabama,1,2005,2005,217,4569805,4.7486
,Alabama,1,2006,2006,310,4628981,6.6969
,Alabama,1,2007,2007,424,4672840,9.0737
,Alabama,1,2008,2008,485,4718206,10.2793
,Alabama,1,2009,2009,537,4757938,11.2864
,Alabama,1,2010,2010,463,4779736,9.6867
,Alabama,1,2011,2011,485,4802740,10.0984
,Alabama,1,2012,2012,478,4822023,9.9129
,Alabama,1,2013,2013,520,4833722,10.7578
,Alabama,1,2014,2014,639,4849377,13.177
,Alabama,1,2015,2015,657,4858979,13.5214
,Alabama,1,2016,2016,680,4863300,13.9823
Total,Alabama,1,,,6856,84016831,8.1603
,Alaska,2,1999,1999,27,624779,4.3215
,Alaska,2,2000,2000,36,626932,5.7422
,Alaska,2,2001,2001,53,633714,8.3634
,Alaska,2,2002,2002,69,642337,10.742
,Alaska,2,2003,2003,72,648414,11.104
,Alaska,2,2004,2004,64,659286,9.7075
,Alaska,2,2005,2005,62,666946,9.2961
,Alaska,2,2006,2006,66,675302,9.7734
,Alaska,2,2007,2007,63,680300,9.2606
,Alaska,2,2008,2008,91,687455,13.2372
,Alaska,2,2009,2009,101,698895,14.4514
,Alaska,2,2010,2010,74,710231,10.4191
,Alaska,2,2011,2011,97,722718,13.4216
,Alaska,2,2012,2012,113,731449,15.4488
,Alaska,2,2013,2013,92,735132,12.5148
,Alaska,2,2014,2014,103,736732,13.9807
,Alaska,2,2015,2015,105,738432,14.2193
,Alaska,2,2016,2016,103,741894,13.8834
Total,Alaska,2,,,1391,12360948,11.2532
,Arizona,4,1999,1999,362,5023823,7.2057
,Arizona,4,2000,2000,399,5130632,7.7768
,Arizona,4,2001,2001,429,5273477,8.1351
,Arizona,4,2002,2002,464,5396255,8.5986
,Arizona,4,2003,2003,512,5510364,9.2916
,Arizona,4,2004,2004,549,5652404,9.7127
,Arizona,4,2005,2005,585,5839077,10.0187
,Arizona,4,2006,2006,663,6029141,10.9966
,Arizona,4,2007,2007,697,6167681,11.3008
,Arizona,4,2008,2008,621,6280362,9.888
,Arizona,4,2009,2009,757,6343154,11.9341
,Arizona,4,2010,2010,843,6392017,13.1883
,Arizona,4,2011,2011,811,6482505,12.5106
,Arizona,4,2012,2012,843,6553255,12.8638
,Arizona,4,2013,2013,942,6626624,14.2154
,Arizona,4,2014,2014,934,6731484,13.8751
,Arizona,4,2015,2015,998,6828065,14.6161
,Arizona,4,2016,2016,1141,6931071,16.4621
Total,Arizona,4,,,12550,109191391,11.4936
,Arkansas,5,1999,1999,31,2651860,1.169
,Arkansas,5,2000,2000,46,2673400,1.7207
,Arkansas,5,2001,2001,40,2691571,1.4861
,Arkansas,5,2002,2002,59,2705927,2.1804
,Arkansas,5,2003,2003,61,2724816,2.2387
,Arkansas,5,2004,2004,93,2749686,3.3822
,Arkansas,5,2005,2005,109,2781097,3.9193
,Arkansas,5,2006,2006,135,2821761,4.7842
,Arkansas,5,2007,2007,129,2848650,4.5285
,Arkansas,5,2008,2008,197,2874554,6.8532
,Arkansas,5,2009,2009,220,2896843,7.5945
,Arkansas,5,2010,2010,227,2915918,7.7849
,Arkansas,5,2011,2011,260,2937979,8.8496
,Arkansas,5,2012,2012,257,2949131,8.7144
,Arkansas,5,2013,2013,216,2959373,7.2988
,Arkansas,5,2014,2014,251,2966369,8.4615
,Arkansas,5,2015,2015,274,2978204,9.2002
,Arkansas,5,2016,2016,296,2988248,9.9055
Total,Arkansas,5,,,2901,51115387,5.6754
,California,6,1999,1999,2157,33499204,6.439
,California,6,2000,2000,1519,33871648,4.4846
,California,6,2001,2001,976,34479458,2.8307
,California,6,2002,2002,2318,34871843,6.6472
,California,6,2003,2003,2399,35253159,6.8051
,California,6,2004,2004,2424,35574576,6.8139
,California,6,2005,2005,2529,35827943,7.0587
,California,6,2006,2006,2760,36021202,7.6622
,California,6,2007,2007,3059,36250311,8.4385
,California,6,2008,2008,3043,36604337,8.3132
,California,6,2009,2009,3236,36961229,8.7551
,California,6,2010,2010,3182,37253956,8.5414
,California,6,2011,2011,3359,37691912,8.9117
,California,6,2012,2012,3290,38041430,8.6485
,California,6,2013,2013,3647,38332521,9.5141
,California,6,2014,2014,3780,38802500,9.7416
,California,6,2015,2015,4002,39144818,10.2236
,California,6,2016,2016,3985,39250017,10.1529
Total,California,6,,,51665,657732064,7.855
,Colorado,8,1999,1999,193,4226018,4.5669
,Colorado,8,2000,2000,220,4301261,5.1148
,Colorado,8,2001,2001,240,4425687,5.4229
,Colorado,8,2002,2002,289,4490406,6.4359
,Colorado,8,2003,2003,322,4528732,7.1102
,Colorado,8,2004,2004,331,4575013,7.235
,Colorado,8,2005,2005,416,4631888,8.9812
,Colorado,8,2006,2006,436,4720423,9.2365
,Colorado,8,2007,2007,507,4803868,10.554
,Colorado,8,2008,2008,536,4889730,10.9618
,Colorado,8,2009,2009,564,4972195,11.3431
,Colorado,8,2010,2010,471,5029196,9.3653
,Colorado,8,2011,2011,636,5116796,12.4297
,Colorado,8,2012,2012,598,5187582,11.5275
,Colorado,8,2013,2013,602,5268367,11.4267
,Colorado,8,2014,2014,679,5355866,12.6777
,Colorado,8,2015,2015,707,5456574,12.9568
,Colorado,8,2016,2016,783,5540545,14.1322
Total,Colorado,8,,,8530,87520147,9.7463
,Connecticut,9,1999,1999,232,3386401,6.8509
,Connecticut,9,2000,2000,250,3405565,7.3409
,Connecticut,9,2001,2001,228,3432835,6.6417
,Connecticut,9,2002,2002,297,3458749,8.5869
,Connecticut,9,2003,2003,246,3484336,7.0602
,Connecticut,9,2004,2004,274,3496094,7.8373
,Connecticut,9,2005,2005,251,3506956,7.1572
,Connecticut,9,2006,2006,347,3517460,9.8651
,Connecticut,9,2007,2007,357,3527270,10.1211
,Connecticut,9,2008,2008,336,3545579,9.4766
,Connecticut,9,2009,2009,320,3561807,8.9842
,Connecticut,9,2010,2010,298,3574097,8.3378
,Connecticut,9,2011,2011,340,3580709,9.4953
,Connecticut,9,2012,2012,375,3590347,10.4447
,Connecticut,9,2013,2013,507,3596080,14.0987
,Connecticut,9,2014,2014,554,3596677,15.4031
,Connecticut,9,2015,2015,720,3590886,20.0508
,Connecticut,9,2016,2016,881,3576452,24.6334
Total,Connecticut,9,,,6813,63428300,10.7413
,Delaware,10,1999,1999,42,774990,5.4194
,Delaware,10,2000,2000,39,783600,4.977
,Delaware,10,2001,2001,39,795699,4.9014
,Delaware,10,2002,2002,65,806169,8.0628
,Delaware,10,2003,2003,59,818003,7.2127
,Delaware,10,2004,2004,42,830803,5.0554
,Delaware,10,2005,2005,49,845150,5.7978
,Delaware,10,2006,2006,60,859268,6.9827
,Delaware,10,2007,2007,69,871749,7.9151
,Delaware,10,2008,2008,97,883874,10.9744
,Delaware,10,2009,2009,102,891730,11.4384
,Delaware,10,2010,2010,117,897934,13.0299
,Delaware,10,2011,2011,119,907135,13.1182
,Delaware,10,2012,2012,111,917092,12.1035
,Delaware,10,2013,2013,131,925749,14.1507
,Delaware,10,2014,2014,152,935614,16.246
,Delaware,10,2015,2015,169,945934,17.8659
,Delaware,10,2016,2016,264,952065,27.7292
Total,Delaware,10,,,1726,15642558,11.034
,District of Columbia,11,1999,1999,47,570213,8.2425
,District of Columbia,11,2000,2000,70,572059,12.2365
,District of Columbia,11,2001,2001,85,574504,14.7954
,District of Columbia,11,2002,2002,54,573158,9.4215
,District of Columbia,11,2003,2003,90,568502,15.8311
,District of Columbia,11,2004,2004,70,567754,12.3293
,District of Columbia,11,2005,2005,51,567136,8.9926
,District of Columbia,11,2006,2006,85,570681,14.8945
,District of Columbia,11,2007,2007,38,574404,6.6156
,District of Columbia,11,2008,2008,36,580236,6.2044
,District of Columbia,11,2009,2009,14,592228,Unreliable
,District of Columbia,11,2010,2010,61,601723,10.1376
,District of Columbia,11,2011,2011,64,617996,10.3561
,District of Columbia,11,2012,2012,61,632323,9.647
,District of Columbia,11,2013,2013,77,646449,11.9112
,District of Columbia,11,2014,2014,80,658893,12.1416
,District of Columbia,11,2015,2015,114,672228,16.9585
,District of Columbia,11,2016,2016,241,681170,35.3803
Total,District of Columbia,11,,,1338,10821657,12.3641
,Florida,12,1999,1999,681,15759421,4.3212
,Florida,12,2000,2000,823,15982378,5.1494
,Florida,12,2001,2001,1295,16356966,7.9171
,Florida,12,2002,2002,1466,16689370,8.784
,Florida,12,2003,2003,1670,17004085,9.8212
,Florida,12,2004,2004,1789,17415318,10.2726
,Florida,12,2005,2005,1917,17842038,10.7443
,Florida,12,2006,2006,2097,18166990,11.5429
,Florida,12,2007,2007,2337,18367842,12.7233
,Florida,12,2008,2008,2399,18527305,12.9485
,Florida,12,2009,2009,2509,18652644,13.4512
,Florida,12,2010,2010,2529,18801310,13.4512
,Florida,12,2011,2011,2399,19057542,12.5882
,Florida,12,2012,2012,2048,19317568,10.6017
,Florida,12,2013,2013,1978,19552860,10.1162
,Florida,12,2014,2014,2166,19893297,10.8881
,Florida,12,2015,2015,2772,20271272,13.6745
,Florida,12,2016,2016,4232,20612439,20.5313
Total,Florida,12,,,37107,328270645,11.3038
,Georgia,13,1999,1999,219,8045965,2.7219
,Georgia,13,2000,2000,268,8186453,3.2737
,Georgia,13,2001,2001,402,8377038,4.7988
,Georgia,13,2002,2002,457,8508256,5.3713
,Georgia,13,2003,2003,505,8622793,5.8566
,Georgia,13,2004,2004,557,8769252,6.3517
,Georgia,13,2005,2005,639,8925922,7.1589
,Georgia,13,2006,2006,717,9155813,7.8311
,Georgia,13,2007,2007,800,9349988,8.5562
,Georgia,13,2008,2008,791,9504843,8.3221
,Georgia,13,2009,2009,854,9620846,8.8766
,Georgia,13,2010,2010,876,9687653,9.0424
,Georgia,13,2011,2011,921,9815210,9.3834
,Georgia,13,2012,2012,911,9919945,9.1835
,Georgia,13,2013,2013,940,9992167,9.4074
,Georgia,13,2014,2014,1041,10097343,10.3096
,Georgia,13,2015,2015,1152,10214860,11.2777
,Georgia,13,2016,2016,1249,10310371,12.114
Total,Georgia,13,,,13299,167104718,7.9585
,Hawaii,15,1999,1999,36,1210300,2.9745
,Hawaii,15,2000,2000,29,1211537,2.3937
,Hawaii,15,2001,2001,40,1225948,3.2628
,Hawaii,15,2002,2002,53,1239613,4.2755
,Hawaii,15,2003,2003,62,1251154,4.9554
,Hawaii,15,2004,2004,67,1273569,5.2608
,Hawaii,15,2005,2005,71,1292729,5.4923
,Hawaii,15,2006,2006,61,1309731,4.6574
,Hawaii,15,2007,2007,87,1315675,6.6126
,Hawaii,15,2008,2008,88,1332213,6.6056
,Hawaii,15,2009,2009,94,1346717,6.9799
,Hawaii,15,2010,2010,97,1360301,7.1308
,Hawaii,15,2011,2011,107,1374810,7.7829
,Hawaii,15,2012,2012,96,1392313,6.895
,Hawaii,15,2013,2013,118,1404054,8.4042
,Hawaii,15,2014,2014,112,1419561,7.8898
,Hawaii,15,2015,2015,139,1431603,9.7094
,Hawaii,15,2016,2016,168,1428557,11.7601
Total,Hawaii,15,,,1525,23820385,6.4021
,Idaho,16,1999,1999,39,1275674,3.0572
,Idaho,16,2000,2000,32,1293953,2.473
,Idaho,16,2001,2001,58,1319962,4.3941
,Idaho,16,2002,2002,74,1340372,5.5209
,Idaho,16,2003,2003,57,1363380,4.1808
,Idaho,16,2004,2004,66,1391802,4.7421
,Idaho,16,2005,2005,64,1428241,4.481
,Idaho,16,2006,2006,86,1468669,5.8556
,Idaho,16,2007,2007,88,1505105,5.8468
,Idaho,16,2008,2008,90,1534320,5.8658
,Idaho,16,2009,2009,100,1554439,6.4332
,Idaho,16,2010,2010,116,1567582,7.3999
,Idaho,16,2011,2011,118,1584985,7.4449
,Idaho,16,2012,2012,113,1595728,7.0814
,Idaho,16,2013,2013,142,1612136,8.8082
,Idaho,16,2014,2014,146,1634464,8.9326
,Idaho,16,2015,2015,148,1654930,8.943
,Idaho,16,2016,2016,181,1683140,10.7537
Total,Idaho,16,,,1718,26808882,6.4083
,Illinois,17,1999,1999,691,12359020,5.5911
,Illinois,17,2000,2000,731,12419293,5.886
,Illinois,17,2001,2001,729,12488445,5.8374
,Illinois,17,2002,2002,814,12525556,6.4987
,Illinois,17,2003,2003,705,12556006,5.6148
,Illinois,17,2004,2004,873,12589773,6.9342
,Illinois,17,2005,2005,922,12609903,7.3117
,Illinois,17,2006,2006,1208,12643955,9.554
,Illinois,17,2007,2007,1022,12695866,8.0499
,Illinois,17,2008,2008,1118,12747038,8.7707
,Illinois,17,2009,2009,1130,12796778,8.8303
,Illinois,17,2010,2010,1075,12830632,8.3784
,Illinois,17,2011,2011,1195,12869257,9.2857
,Illinois,17,2012,2012,1391,12875255,10.8037
,Illinois,17,2013,2013,1313,12882135,10.1924
,Illinois,17,2014,2014,1431,12880580,11.1097
,Illinois,17,2015,2015,1587,12859995,12.3406
,Illinois,17,2016,2016,2149,12801539,16.787
Total,Illinois,17,,,20084,228431026,8.7922
,Indiana,18,1999,1999,101,6044969,1.6708
,Indiana,18,2000,2000,113,6080485,1.8584
,Indiana,18,2001,2001,139,6127760,2.2684
,Indiana,18,2002,2002,143,6155967,2.3229
,Indiana,18,2003,2003,242,6196638,3.9053
,Indiana,18,2004,2004,317,6233007,5.0858
,Indiana,18,2005,2005,369,6278616,5.8771
,Indiana,18,2006,2006,449,6332669,7.0902
,Indiana,18,2007,2007,504,6379599,7.9002
,Indiana,18,2008,2008,529,6424806,8.2337
,Indiana,18,2009,2009,697,6459325,10.7906
,Indiana,18,2010,2010,657,6483802,10.1329
,Indiana,18,2011,2011,732,6516922,11.2323
,Indiana,18,2012,2012,780,6537334,11.9315
,Indiana,18,2013,2013,833,6570902,12.6771
,Indiana,18,2014,2014,937,6596855,14.2037
,Indiana,18,2015,2015,1060,6619680,16.0129
,Indiana,18,2016,2016,1321,6633053,19.9154
Total,Indiana,18,,,9923,114672389,8.6533
,Iowa,19,1999,1999,25,2917634,0.8569
,Iowa,19,2000,2000,38,2926324,1.2986
,Iowa,19,2001,2001,41,2931997,1.3984
,Iowa,19,2002,2002,58,2934234,1.9767
,Iowa,19,2003,2003,62,2941999,2.1074
,Iowa,19,2004,2004,67,2953635,2.2684
,Iowa,19,2005,2005,87,2964454,2.9348
,Iowa,19,2006,2006,114,2982644,3.8221
,Iowa,19,2007,2007,117,2999212,3.901
,Iowa,19,2008,2008,130,3016734,4.3093
,Iowa,19,2009,2009,138,3032870,4.5501
,Iowa,19,2010,2010,171,3046355,5.6133
,Iowa,19,2011,2011,167,3062309,5.4534
,Iowa,19,2012,2012,186,3074186,6.0504
,Iowa,19,2013,2013,210,3090416,6.7952
,Iowa,19,2014,2014,203,3107126,6.5334
,Iowa,19,2015,2015,241,3123899,7.7147
,Iowa,19,2016,2016,245,3134693,7.8158
Total,Iowa,19,,,2300,54240721,4.2404
,Kansas,20,1999,1999,58,2678338,2.1655
,Kansas,20,2000,2000,59,2688418,2.1946
,Kansas,20,2001,2001,97,2702162,3.5897
,Kansas,20,2002,2002,111,2713535,4.0906
,Kansas,20,2003,2003,117,2723004,4.2967
,Kansas,20,2004,2004,149,2734373,5.4491
,Kansas,20,2005,2005,167,2745299,6.0831
,Kansas,20,2006,2006,178,2762931,6.4424
,Kansas,20,2007,2007,167,2783785,5.999
,Kansas,20,2008,2008,168,2808076,5.9827
,Kansas,20,2009,2009,229,2832704,8.0841
,Kansas,20,2010,2010,191,2853118,6.6944
,Kansas,20,2011,2011,200,2871238,6.9656
,Kansas,20,2012,2012,239,2885905,8.2816
,Kansas,20,2013,2013,253,2893957,8.7424
,Kansas,20,2014,2014,251,2904021,8.6432
,Kansas,20,2015,2015,257,2911641,8.8266
,Kansas,20,2016,2016,238,2907289,8.1863
Total,Kansas,20,,,3129,50399794,6.2084
,Kentucky,21,1999,1999,148,4018053,3.6834
,Kentucky,21,2000,2000,193,4041769,4.7751
,Kentucky,21,2001,2001,272,4068132,6.6861
,Kentucky,21,2002,2002,348,4089875,8.5088
,Kentucky,21,2003,2003,478,4117170,11.6099
,Kentucky,21,2004,2004,447,4146101,10.7812
,Kentucky,21,2005,2005,542,4182742,12.958
,Kentucky,21,2006,2006,605,4219239,14.3391
,Kentucky,21,2007,2007,577,4256672,13.5552
,Kentucky,21,2008,2008,633,4289878,14.7557
,Kentucky,21,2009,2009,631,4317074,14.6164
,Kentucky,21,2010,2010,881,4339367,20.3025
,Kentucky,21,2011,2011,941,4369356,21.5364
,Kentucky,21,2012,2012,946,4380415,21.5961
,Kentucky,21,2013,2013,882,4395295,20.0669
,Kentucky,21,2014,2014,977,4413457,22.1368
,Kentucky,21,2015,2015,1144,4425092,25.8526
,Kentucky,21,2016,2016,1304,4436974,29.3894
Total,Kentucky,21,,,11949,76506661,15.6182
,Louisiana,22,1999,1999,122,4460811,2.7349
,Louisiana,22,2000,2000,170,4468976,3.804
,Louisiana,22,2001,2001,197,4477875,4.3994
,Louisiana,22,2002,2002,275,4497267,6.1148
,Louisiana,22,2003,2003,391,4521042,8.6484
,Louisiana,22,2004,2004,416,4552238,9.1384
,Louisiana,22,2005,2005,527,4576628,11.515
,Louisiana,22,2006,2006,578,4302665,13.4335
,Louisiana,22,2007,2007,638,4375581,14.5809
,Louisiana,22,2008,2008,539,4435586,12.1517
,Louisiana,22,2009,2009,476,4491648,10.5974
,Louisiana,22,2010,2010,479,4533372,10.5661
,Louisiana,22,2011,2011,494,4574836,10.7982
,Louisiana,22,2012,2012,456,4601893,9.909
,Louisiana,22,2013,2013,704,4625470,15.2201
,Louisiana,22,2014,2014,661,4649676,14.216
,Louisiana,22,2015,2015,757,4670724,16.2073
,Louisiana,22,2016,2016,892,4681666,19.053
Total,Louisiana,22,,,8772,81497954,10.7635
,Maine,23,1999,1999,33,1266808,2.605
,Maine,23,2000,2000,50,1274923,3.9218
,Maine,23,2001,2001,60,1285692,4.6667
,Maine,23,2002,2002,104,1295960,8.0249
,Maine,23,2003,2003,109,1306513,8.3428
,Maine,23,2004,2004,114,1313688,8.6779
,Maine,23,2005,2005,134,1318787,10.1609
,Maine,23,2006,2006,131,1323619,9.8971
,Maine,23,2007,2007,125,1327040,9.4195
,Maine,23,2008,2008,134,1330509,10.0713
,Maine,23,2009,2009,133,1329590,10.0031
,Maine,23,2010,2010,105,1328361,7.9045
,Maine,23,2011,2011,116,1328188,8.7337
,Maine,23,2012,2012,111,1329192,8.3509
,Maine,23,2013,2013,136,1328302,10.2386
,Maine,23,2014,2014,183,1330089,13.7585
,Maine,23,2015,2015,239,1329328,17.979
,Maine,23,2016,2016,305,1331479,22.9069
Total,Maine,23,,,2322,23678068,9.8065
,Maryland,24,1999,1999,36,5254509,0.6851
,Maryland,24,2000,2000,48,5296486,0.9063
,Maryland,24,2001,2001,45,5374691,0.8373
,Maryland,24,2002,2002,37,5440389,0.6801
,Maryland,24,2003,2003,60,5496269,1.0916
,Maryland,24,2004,2004,38,5546935,0.6851
,Maryland,24,2005,2005,38,5592379,0.6795
,Maryland,24,2006,2006,47,5627367,0.8352
,Maryland,24,2007,2007,41,5653408,0.7252
,Maryland,24,2008,2008,57,5684965,1.0026
,Maryland,24,2009,2009,73,5730388,1.2739
,Maryland,24,2010,2010,85,5773552,1.4722
,Maryland,24,2011,2011,128,5828289,2.1962
,Maryland,24,2012,2012,195,5884563,3.3138
,Maryland,24,2013,2013,246,5928814,4.1492
,Maryland,24,2014,2014,238,5976407,3.9823
,Maryland,24,2015,2015,348,6006401,5.7938
,Maryland,24,2016,2016,570,6016447,9.474
Total,Maryland,24,,,2330,102112259,2.2818
,Massachusetts,25,1999,1999,43,6317345,0.6807
,Massachusetts,25,2000,2000,49,6349097,0.7718
,Massachusetts,25,2001,2001,56,6397634,0.8753
,Massachusetts,25,2002,2002,61,6417206,0.9506
,Massachusetts,25,2003,2003,80,6422565,1.2456
,Massachusetts,25,2004,2004,99,6412281,1.5439
,Massachusetts,25,2005,2005,626,6403290,9.7762
,Massachusetts,25,2006,2006,826,6410084,12.8859
,Massachusetts,25,2007,2007,768,6431559,11.9411
,Massachusetts,25,2008,2008,669,6468967,10.3417
,Massachusetts,25,2009,2009,693,6517613,10.6327
,Massachusetts,25,2010,2010,609,6547629,9.3011
,Massachusetts,25,2011,2011,713,6587536,10.8235
,Massachusetts,25,2012,2012,725,6646144,10.9086
,Massachusetts,25,2013,2013,935,6692824,13.9702
,Massachusetts,25,2014,2014,1190,6745408,17.6416
,Massachusetts,25,2015,2015,1606,6794422,23.637
,Massachusetts,25,2016,2016,2100,6811779,30.829
Total,Massachusetts,25,,,11848,117373383,10.0943
,Michigan,26,1999,1999,240,9897116,2.4249
,Michigan,26,2000,2000,286,9938444,2.8777
,Michigan,26,2001,2001,315,9991120,3.1528
,Michigan,26,2002,2002,388,10015710,3.8739
,Michigan,26,2003,2003,386,10041152,3.8442
,Michigan,26,2004,2004,488,10055315,4.8532
,Michigan,26,2005,2005,650,10051137,6.4669
,Michigan,26,2006,2006,820,10036081,8.1705
,Michigan,26,2007,2007,863,10001284,8.6289
,Michigan,26,2008,2008,857,9946889,8.6158
,Michigan,26,2009,2009,1002,9901591,10.1196
,Michigan,26,2010,2010,976,9883640,9.8749
,Michigan,26,2011,2011,1006,9876187,10.1861
,Michigan,26,2012,2012,943,9883360,9.5413
,Michigan,26,2013,2013,1196,9895622,12.0862
,Michigan,26,2014,2014,1345,9909877,13.5723
,Michigan,26,2015,2015,1556,9922576,15.6814
,Michigan,26,2016,2016,1919,9928300,19.3286
Total,Michigan,26,,,15236,179175401,8.5034
,Minnesota,27,1999,1999,76,4873481,1.5595
,Minnesota,27,2000,2000,83,4919479,1.6872
,Minnesota,27,2001,2001,103,4982796,2.0671
,Minnesota,27,2002,2002,136,5018935,2.7097
,Minnesota,27,2003,2003,160,5053572,3.1661
,Minnesota,27,2004,2004,172,5087713,3.3807
,Minnesota,27,2005,2005,187,5119598,3.6526
,Minnesota,27,2006,2006,200,5163555,3.8733
,Minnesota,27,2007,2007,240,5207203,4.609
,Minnesota,27,2008,2008,246,5247018,4.6884
,Minnesota,27,2009,2009,291,5281203,5.5101
,Minnesota,27,2010,2010,275,5303925,5.1848
,Minnesota,27,2011,2011,386,5344861,7.2219
,Minnesota,27,2012,2012,373,5379139,6.9342
,Minnesota,27,2013,2013,406,5420380,7.4902
,Minnesota,27,2014,2014,407,5457173,7.4581
,Minnesota,27,2015,2015,460,5489594,8.3795
,Minnesota,27,2016,2016,564,5519952,10.2175
Total,Minnesota,27,,,4765,93869577,5.0762
,Mississippi,28,1999,1999,60,2828408,2.1213
,Mississippi,28,2000,2000,76,2844658,2.6717
,Mississippi,28,2001,2001,112,2852994,3.9257
,Mississippi,28,2002,2002,127,2858681,4.4426
,Mississippi,28,2003,2003,167,2868312,5.8222
,Mississippi,28,2004,2004,173,2889010,5.9882
,Mississippi,28,2005,2005,187,2905943,6.4351
,Mississippi,28,2006,2006,261,2904978,8.9846
,Mississippi,28,2007,2007,255,2928350,8.708
,Mississippi,28,2008,2008,240,2947806,8.1416
,Mississippi,28,2009,2009,262,2958774,8.855
,Mississippi,28,2010,2010,260,2967297,8.7622
,Mississippi,28,2011,2011,254,2978512,8.5277
,Mississippi,28,2012,2012,267,2984926,8.9449
,Mississippi,28,2013,2013,272,2991207,9.0933
,Mississippi,28,2014,2014,299,2994079,9.9864
,Mississippi,28,2015,2015,302,2992333,10.0925
,Mississippi,28,2016,2016,311,2988726,10.4058
Total,Mississippi,28,,,3885,52684994,7.374
,Missouri,29,1999,1999,170,5561948,3.0565
,Missouri,29,2000,2000,203,5595211,3.6281
,Missouri,29,2001,2001,216,5641142,3.829
,Missouri,29,2002,2002,314,5674825,5.5332
,Missouri,29,2003,2003,382,5709403,6.6907
,Missouri,29,2004,2004,422,5747741,7.342
,Missouri,29,2005,2005,469,5790300,8.0998
,Missouri,29,2006,2006,585,5842704,10.0125
,Missouri,29,2007,2007,561,5887612,9.5285
,Missouri,29,2008,2008,620,5923916,10.466
,Missouri,29,2009,2009,700,5961088,11.7428
,Missouri,29,2010,2010,822,5988927,13.7253
,Missouri,29,2011,2011,783,6010688,13.0268
,Missouri,29,2012,2012,761,6021988,12.637
,Missouri,29,2013,2013,841,6044171,13.9142
,Missouri,29,2014,2014,887,6063589,14.6283
,Missouri,29,2015,2015,888,6083672,14.5964
,Missouri,29,2016,2016,1175,6093000,19.2844
Total,Missouri,29,,,10799,105641925,10.2223
,Montana,30,1999,1999,14,897507,Unreliable
,Montana,30,2000,2000,19,902195,Unreliable
,Montana,30,2001,2001,30,906961,3.3077
,Montana,30,2002,2002,36,911667,3.9488
,Montana,30,2003,2003,45,919630,4.8933
,Montana,30,2004,2004,54,930009,5.8064
,Montana,30,2005,2005,54,940102,5.7441
,Montana,30,2006,2006,55,952692,5.7731
,Montana,30,2007,2007,73,964706,7.5671
,Montana,30,2008,2008,95,976415,9.7295
,Montana,30,2009,2009,94,983982,9.553
,Montana,30,2010,2010,63,989415,6.3674
,Montana,30,2011,2011,90,998199,9.0162
,Montana,30,2012,2012,78,1005141,7.7601
,Montana,30,2013,2013,79,1015165,7.782
,Montana,30,2014,2014,71,1023579,6.9364
,Montana,30,2015,2015,83,1032949,8.0352
,Montana,30,2016,2016,83,1042520,7.9615
Total,Montana,30,,,1116,17392834,6.4164
,Nebraska,31,1999,1999,24,1704764,1.4078
,Nebraska,31,2000,2000,22,1711263,1.2856
,Nebraska,31,2001,2001,33,1719836,1.9188
,Nebraska,31,2002,2002,29,1728292,1.678
,Nebraska,31,2003,2003,30,1738643,1.7255
,Nebraska,31,2004,2004,34,1749370,1.9436
,Nebraska,31,2005,2005,43,1761497,2.4411
,Nebraska,31,2006,2006,56,1772693,3.159
,Nebraska,31,2007,2007,50,1783440,2.8036
,Nebraska,31,2008,2008,73,1796378,4.0637
,Nebraska,31,2009,2009,81,1812683,4.4685
,Nebraska,31,2010,2010,81,1826341,4.4351
,Nebraska,31,2011,2011,96,1842641,5.2099
,Nebraska,31,2012,2012,117,1855525,6.3055
,Nebraska,31,2013,2013,92,1868516,4.9237
,Nebraska,31,2014,2014,93,1881503,4.9429
,Nebraska,31,2015,2015,104,1896190,5.4847
,Nebraska,31,2016,2016,94,1907116,4.9289
Total,Nebraska,31,,,1152,32356691,3.5603
,Nevada,32,1999,1999,138,1934718,7.1328
,Nevada,32,2000,2000,176,1998257,8.8077
,Nevada,32,2001,2001,161,2098399,7.6725
,Nevada,32,2002,2002,206,2173791,9.4765
,Nevada,32,2003,2003,261,2248850,11.6059
,Nevada,32,2004,2004,302,2346222,12.8718
,Nevada,32,2005,2005,344,2432143,14.1439
,Nevada,32,2006,2006,353,2522658,13.9932
,Nevada,32,2007,2007,399,2601072,15.3398
,Nevada,32,2008,2008,411,2653630,15.4882
,Nevada,32,2009,2009,449,2684665,16.7246
,Nevada,32,2010,2010,472,2700551,17.4779
,Nevada,32,2011,2011,522,2723322,19.1678
,Nevada,32,2012,2012,480,2758931,17.398
,Nevada,32,2013,2013,490,2790136,17.5619
,Nevada,32,2014,2014,447,2839099,15.7444
,Nevada,32,2015,2015,517,2890845,17.884
,Nevada,32,2016,2016,535,2940058,18.1969
Total,Nevada,32,,,6663,45337347,14.6965
,New Hampshire,33,1999,1999,34,1222014,2.7823
,New Hampshire,33,2000,2000,31,1235786,2.5085
,New Hampshire,33,2001,2001,41,1255517,3.2656
,New Hampshire,33,2002,2002,73,1269089,5.7522
,New Hampshire,33,2003,2003,90,1279840,7.0321
,New Hampshire,33,2004,2004,97,1290121,7.5187
,New Hampshire,33,2005,2005,112,1298492,8.6254
,New Hampshire,33,2006,2006,115,1308389,8.7894
,New Hampshire,33,2007,2007,149,1312540,11.352
,New Hampshire,33,2008,2008,95,1315906,7.2194
,New Hampshire,33,2009,2009,128,1316102,9.7257
,New Hampshire,33,2010,2010,112,1316470,8.5076
,New Hampshire,33,2011,2011,152,1318194,11.5309
,New Hampshire,33,2012,2012,135,1320718,10.2217
,New Hampshire,33,2013,2013,166,1323459,12.5429
,New Hampshire,33,2014,2014,281,1326813,21.1786
,New Hampshire,33,2015,2015,369,1330608,27.7317
,New Hampshire,33,2016,2016,434,1334795,32.5144
Total,New Hampshire,33,,,2614,23374853,11.183
,New Jersey,34,1999,1999,440,8359592,5.2634
,New Jersey,34,2000,2000,511,8414350,6.073
,New Jersey,34,2001,2001,553,8492671,6.5115
,New Jersey,34,2002,2002,671,8552643,7.8455
,New Jersey,34,2003,2003,601,8601402,6.9872
,New Jersey,34,2004,2004,497,8634561,5.7559
,New Jersey,34,2005,2005,701,8651974,8.1022
,New Jersey,34,2006,2006,735,8661679,8.4857
,New Jersey,34,2007,2007,627,8677885,7.2253
,New Jersey,34,2008,2008,605,8711090,6.9452
,New Jersey,34,2009,2009,223,8755602,2.5469
,New Jersey,34,2010,2010,732,8791894,8.3259
,New Jersey,34,2011,2011,868,8821155,9.84
,New Jersey,34,2012,2012,1061,8864590,11.969
,New Jersey,34,2013,2013,1168,8899339,13.1246
,New Jersey,34,2014,2014,1109,8938175,12.4075
,New Jersey,34,2015,2015,1326,8958013,14.8024
,New Jersey,34,2016,2016,1931,8944469,21.5888
Total,New Jersey,34,,,14359,156731084,9.1616
,New Mexico,35,1999,1999,221,1808082,12.2229
,New Mexico,35,2000,2000,217,1819046,11.9293
,New Mexico,35,2001,2001,211,1831690,11.5194
,New Mexico,35,2002,2002,242,1855309,13.0436
,New Mexico,35,2003,2003,318,1877574,16.9367
,New Mexico,35,2004,2004,269,1903808,14.1296
,New Mexico,35,2005,2005,322,1932274,16.6643
,New Mexico,35,2006,2006,335,1962137,17.0732
,New Mexico,35,2007,2007,369,1990070,18.5421
,New Mexico,35,2008,2008,403,2010662,20.0431
,New Mexico,35,2009,2009,352,2036802,17.282
,New Mexico,35,2010,2010,377,2059179,18.3083
,New Mexico,35,2011,2011,445,2082224,21.3714
,New Mexico,35,2012,2012,413,2085538,19.803
,New Mexico,35,2013,2013,367,2085287,17.5995
,New Mexico,35,2014,2014,486,2085572,23.303
,New Mexico,35,2015,2015,417,2085109,19.999
,New Mexico,35,2016,2016,428,2081015,20.5669
Total,New Mexico,35,,,6192,35591378,17.3975
,New York,36,1999,1999,809,18882725,4.2843
,New York,36,2000,2000,644,18976457,3.3937
,New York,36,2001,2001,895,19082838,4.6901
,New York,36,2002,2002,766,19137800,4.0025
,New York,36,2003,2003,810,19175939,4.224
,New York,36,2004,2004,714,19171567,3.7243
,New York,36,2005,2005,796,19132610,4.1604
,New York,36,2006,2006,1352,19104631,7.0768
,New York,36,2007,2007,1296,19132335,6.7739
,New York,36,2008,2008,1310,19212436,6.8185
,New York,36,2009,2009,1217,19307066,6.3034
,New York,36,2010,2010,1218,19378102,6.2854
,New York,36,2011,2011,1543,19465197,7.927
,New York,36,2012,2012,1725,19570261,8.8144
,New York,36,2013,2013,1863,19651127,9.4804
,New York,36,2014,2014,1937,19746227,9.8095
,New York,36,2015,2015,2326,19795791,11.75
,New York,36,2016,2016,3212,19745289,16.2672
Total,New York,36,,,24433,347668398,7.0277
,North Carolina,37,1999,1999,237,7949361,2.9814
,North Carolina,37,2000,2000,332,8049313,4.1246
,North Carolina,37,2001,2001,407,8210122,4.9573
,North Carolina,37,2002,2002,513,8326201,6.1613
,North Carolina,37,2003,2003,628,8422501,7.4562
,North Carolina,37,2004,2004,688,8553152,8.0438
,North Carolina,37,2005,2005,821,8705407,9.4309
,North Carolina,37,2006,2006,878,8917270,9.8461
,North Carolina,37,2007,2007,868,9118037,9.5196
,North Carolina,37,2008,2008,957,9309449,10.2799
,North Carolina,37,2009,2009,954,9449566,10.0957
,North Carolina,37,2010,2010,877,9535483,9.1972
,North Carolina,37,2011,2011,1071,9656401,11.0911
,North Carolina,37,2012,2012,1049,9752073,10.7567
,North Carolina,37,2013,2013,1027,9848060,10.4284
,North Carolina,37,2014,2014,1108,9943964,11.1424
,North Carolina,37,2015,2015,1327,10042802,13.2134
,North Carolina,37,2016,2016,1717,10146788,16.9216
Total,North Carolina,37,,,15459,163935950,9.4299
,North Dakota,38,2000,2000,11,642200,Unreliable
,North Dakota,38,2002,2002,10,638168,Unreliable
,North Dakota,38,2003,2003,11,638817,Unreliable
,North Dakota,38,2004,2004,14,644705,Unreliable
,North Dakota,38,2007,2007,20,652822,3.0636
,North Dakota,38,2008,2008,38,657569,5.7789
,North Dakota,38,2009,2009,23,664968,3.4588
,North Dakota,38,2010,2010,18,672591,Unreliable
,North Dakota,38,2011,2011,11,683932,Unreliable
,North Dakota,38,2012,2012,14,699628,Unreliable
,North Dakota,38,2013,2013,15,723393,Unreliable
,North Dakota,38,2014,2014,33,739482,4.4626
,North Dakota,38,2015,2015,47,756927,6.2093
,North Dakota,38,2016,2016,61,757952,8.048
Total,North Dakota,38,,,353,12151986,2.9049
,Ohio,39,1999,1999,327,11335454,2.8848
,Ohio,39,2000,2000,408,11353140,3.5937
,Ohio,39,2001,2001,561,11387404,4.9265
,Ohio,39,2002,2002,712,11407889,6.2413
,Ohio,39,2003,2003,624,11434788,5.457
,Ohio,39,2004,2004,902,11452251,7.8762
,Ohio,39,2005,2005,1018,11463320,8.8805
,Ohio,39,2006,2006,1272,11481213,11.079
,Ohio,39,2007,2007,1396,11500468,12.1386
,Ohio,39,2008,2008,1481,11515391,12.861
,Ohio,39,2009,2009,1035,11528896,8.9774
,Ohio,39,2010,2010,1579,11536504,13.687
,Ohio,39,2011,2011,1770,11544951,15.3314
,Ohio,39,2012,2012,1898,11544225,16.4411
,Ohio,39,2013,2013,2109,11570808,18.2269
,Ohio,39,2014,2014,2532,11594163,21.8386
,Ohio,39,2015,2015,3053,11613423,26.2885
,Ohio,39,2016,2016,4050,11614373,34.8706
Total,Ohio,39,,,26727,206878661,12.9192
,Oklahoma,40,1999,1999,106,3437147,3.084
,Oklahoma,40,2000,2000,157,3450654,4.5499
,Oklahoma,40,2001,2001,196,3467100,5.6531
,Oklahoma,40,2002,2002,180,3489080,5.159
,Oklahoma,40,2003,2003,306,3504892,8.7307
,Oklahoma,40,2004,2004,388,3525233,11.0064
,Oklahoma,40,2005,2005,372,3548597,10.483
,Oklahoma,40,2006,2006,451,3594090,12.5484
,Oklahoma,40,2007,2007,546,3634349,15.0233
,Oklahoma,40,2008,2008,468,3668976,12.7556
,Oklahoma,40,2009,2009,647,3717572,17.4038
,Oklahoma,40,2010,2010,595,3751351,15.861
,Oklahoma,40,2011,2011,588,3791508,15.5083
,Oklahoma,40,2012,2012,650,3814820,17.0388
,Oklahoma,40,2013,2013,671,3850568,17.426
,Oklahoma,40,2014,2014,650,3878051,16.761
,Oklahoma,40,2015,2015,623,3911338,15.9281
,Oklahoma,40,2016,2016,719,3923561,18.3252
Total,Oklahoma,40,,,8313,65958887,12.6033
,Oregon,41,1999,1999,135,3393941,3.9777
,Oregon,41,2000,2000,125,3421399,3.6535
,Oregon,41,2001,2001,139,3467937,4.0081
,Oregon,41,2002,2002,191,3513424,5.4363
,Oregon,41,2003,2003,220,3547376,6.2018
,Oregon,41,2004,2004,224,3569463,6.2755
,Oregon,41,2005,2005,248,3613202,6.8637
,Oregon,41,2006,2006,299,3670883,8.1452
,Oregon,41,2007,2007,349,3722417,9.3756
,Oregon,41,2008,2008,332,3768748,8.8093
,Oregon,41,2009,2009,360,3808600,9.4523
,Oregon,41,2010,2010,332,3831074,8.666
,Oregon,41,2011,2011,385,3871859,9.9435
,Oregon,41,2012,2012,334,3899353,8.5655
,Oregon,41,2013,2013,331,3930065,8.4223
,Oregon,41,2014,2014,377,3970239,9.4957
,Oregon,41,2015,2015,360,4028977,8.9353
,Oregon,41,2016,2016,390,4093465,9.5274
Total,Oregon,41,,,5131,67122422,7.6442
,Pennsylvania,42,1999,1999,713,12263805,5.8139
,Pennsylvania,42,2000,2000,911,12281054,7.4179
,Pennsylvania,42,2001,2001,781,12298970,6.3501
,Pennsylvania,42,2002,2002,919,12331031,7.4527
,Pennsylvania,42,2003,2003,1139,12374658,9.2043
,Pennsylvania,42,2004,2004,1294,12410722,10.4265
,Pennsylvania,42,2005,2005,1380,12449990,11.0843
,Pennsylvania,42,2006,2006,1385,12510809,11.0704
,Pennsylvania,42,2007,2007,1469,12563937,11.6922
,Pennsylvania,42,2008,2008,1551,12612285,12.2975
,Pennsylvania,42,2009,2009,1581,12666858,12.4814
,Pennsylvania,42,2010,2010,1598,12702379,12.5803
,Pennsylvania,42,2011,2011,1956,12742886,15.3497
,Pennsylvania,42,2012,2012,2066,12763536,16.1867
,Pennsylvania,42,2013,2013,2114,12773801,16.5495
,Pennsylvania,42,2014,2014,2424,12787209,18.9564
,Pennsylvania,42,2015,2015,2951,12802503,23.0502
,Pennsylvania,42,2016,2016,4245,12784227,33.205
Total,Pennsylvania,42,,,30477,226120660,13.4782
,Rhode Island,44,2001,2001,11,1057142,Unreliable
,Rhode Island,44,2003,2003,12,1071342,Unreliable
,Rhode Island,44,2005,2005,31,1067916,2.9029
,Rhode Island,44,2006,2006,135,1063096,12.6988
,Rhode Island,44,2007,2007,114,1057315,10.782
,Rhode Island,44,2008,2008,149,1055003,14.1232
,Rhode Island,44,2009,2009,138,1053646,13.0974
,Rhode Island,44,2010,2010,144,1052567,13.6808
,Rhode Island,44,2011,2011,166,1051302,15.7899
,Rhode Island,44,2012,2012,180,1050292,17.1381
,Rhode Island,44,2013,2013,211,1051511,20.0664
,Rhode Island,44,2014,2014,223,1055173,21.134
,Rhode Island,44,2015,2015,281,1056298,26.6023
,Rhode Island,44,2016,2016,306,1056426,28.9656
Total,Rhode Island,44,,,2119,19028324,11.136
,South Carolina,45,1999,1999,105,3974682,2.6417
,South Carolina,45,2000,2000,188,4012012,4.6859
,South Carolina,45,2001,2001,192,4064995,4.7233
,South Carolina,45,2002,2002,171,4107795,4.1628
,South Carolina,45,2003,2003,251,4150297,6.0478
,South Carolina,45,2004,2004,302,4210921,7.1718
,South Carolina,45,2005,2005,362,4270150,8.4775
,South Carolina,45,2006,2006,472,4357847,10.831
,South Carolina,45,2007,2007,444,4444110,9.9908
,South Carolina,45,2008,2008,480,4528996,10.5984
,South Carolina,45,2009,2009,539,4589872,11.7432
,South Carolina,45,2010,2010,575,4625364,12.4315
,South Carolina,45,2011,2011,518,4679230,11.0702
,South Carolina,45,2012,2012,488,4723723,10.3308
,South Carolina,45,2013,2013,541,4774839,11.3302
,South Carolina,45,2014,2014,609,4832482,12.6022
,South Carolina,45,2015,2015,675,4896146,13.7864
,South Carolina,45,2016,2016,789,4961119,15.9037
Total,South Carolina,45,,,7701,80204580,9.6017
,South Dakota,46,2004,2004,28,770396,3.6345
,South Dakota,46,2005,2005,22,775493,2.8369
,South Dakota,46,2006,2006,21,783033,2.6819
,South Dakota,46,2007,2007,19,791623,Unreliable
,South Dakota,46,2008,2008,31,799124,3.8792
,South Dakota,46,2009,2009,27,807067,3.3454
,South Dakota,46,2010,2010,18,814180,Unreliable
,South Dakota,46,2011,2011,42,824082,5.0966
,South Dakota,46,2012,2012,24,833354,2.8799
,South Dakota,46,2013,2013,36,844877,4.261
,South Dakota,46,2014,2014,45,853175,5.2744
,South Dakota,46,2015,2015,43,858469,5.0089
,South Dakota,46,2016,2016,54,865454,6.2395
Total,South Dakota,46,,,447,14407304,3.1026
,Tennessee,47,1999,1999,204,5638706,3.6179
,Tennessee,47,2000,2000,252,5689283,4.4294
,Tennessee,47,2001,2001,301,5750789,5.2341
,Tennessee,47,2002,2002,343,5795918,5.918
,Tennessee,47,2003,2003,469,5847812,8.0201
,Tennessee,47,2004,2004,549,5910809,9.2881
,Tennessee,47,2005,2005,648,5991057,10.8161
,Tennessee,47,2006,2006,714,6088766,11.7265
,Tennessee,47,2007,2007,761,6175727,12.3224
,Tennessee,47,2008,2008,734,6247411,11.7489
,Tennessee,47,2009,2009,771,6306019,12.2264
,Tennessee,47,2010,2010,906,6346105,14.2765
,Tennessee,47,2011,2011,934,6403353,14.5861
,Tennessee,47,2012,2012,959,6456243,14.8538
,Tennessee,47,2013,2013,996,6495978,15.3326
,Tennessee,47,2014,2014,1110,6549352,16.9482
,Tennessee,47,2015,2015,1269,6600299,19.2264
,Tennessee,47,2016,2016,1452,6651194,21.8307
Total,Tennessee,47,,,13372,110944821,12.0528
,Texas,48,1999,1999,790,20558220,3.8427
,Texas,48,2000,2000,760,20851820,3.6448
,Texas,48,2001,2001,1017,21319622,4.7703
,Texas,48,2002,2002,1181,21690325,5.4448
,Texas,48,2003,2003,1338,22030931,6.0733
,Texas,48,2004,2004,1384,22394023,6.1802
,Texas,48,2005,2005,1515,22778123,6.6511
,Texas,48,2006,2006,1837,23359580,7.864
,Texas,48,2007,2007,1844,23831983,7.7375
,Texas,48,2008,2008,1711,24309039,7.0385
,Texas,48,2009,2009,2004,24801761,8.0801
,Texas,48,2010,2010,1995,25145561,7.9338
,Texas,48,2011,2011,2151,25674681,8.3779
,Texas,48,2012,2012,1992,26059203,7.6441
,Texas,48,2013,2013,2034,26448193,7.6905
,Texas,48,2014,2014,2153,26956958,7.9868
,Texas,48,2015,2015,2224,27469114,8.0964
,Texas,48,2016,2016,2436,27862596,8.7429
Total,Texas,48,,,30366,433541733,7.0042
,Utah,49,1999,1999,23,2203482,1.0438
,Utah,49,2000,2000,30,2233169,1.3434
,Utah,49,2001,2001,40,2283715,1.7515
,Utah,49,2002,2002,69,2324815,2.968
,Utah,49,2003,2003,57,2360137,2.4151
,Utah,49,2004,2004,69,2401580,2.8731
,Utah,49,2005,2005,92,2457719,3.7433
,Utah,49,2006,2006,77,2525507,3.0489
,Utah,49,2007,2007,142,2597746,5.4663
,Utah,49,2008,2008,186,2663029,6.9845
,Utah,49,2009,2009,210,2723421,7.7109
,Utah,49,2010,2010,238,2763885,8.6111
,Utah,49,2011,2011,287,2817222,10.1873
,Utah,49,2012,2012,337,2855287,11.8027
,Utah,49,2013,2013,367,2900872,12.6514
,Utah,49,2014,2014,411,2942902,13.9658
,Utah,49,2015,2015,427,2995919,14.2527
,Utah,49,2016,2016,454,3051217,14.8793
Total,Utah,49,,,3516,47101624,7.4647
,Vermont,50,1999,1999,13,604683,Unreliable
,Vermont,50,2000,2000,22,608827,3.6135
,Vermont,50,2001,2001,29,612223,4.7368
,Vermont,50,2002,2002,30,615442,4.8745
,Vermont,50,2003,2003,49,617858,7.9306
,Vermont,50,2004,2004,36,619920,5.8072
,Vermont,50,2005,2005,33,621215,5.3122
,Vermont,50,2006,2006,57,622892,9.1509
,Vermont,50,2007,2007,44,623481,7.0572
,Vermont,50,2008,2008,58,624151,9.2926
,Vermont,50,2009,2009,37,624817,5.9217
,Vermont,50,2010,2010,34,625741,5.4336
,Vermont,50,2011,2011,59,626431,9.4184
,Vermont,50,2012,2012,50,626011,7.9871
,Vermont,50,2013,2013,63,626630,10.0538
,Vermont,50,2014,2014,57,626562,9.0973
,Vermont,50,2015,2015,83,626042,13.2579
,Vermont,50,2016,2016,100,624594,16.0104
Total,Vermont,50,,,854,11177520,7.6403
,Virginia,51,1999,1999,247,7000174,3.5285
,Virginia,51,2000,2000,288,7078515,4.0686
,Virginia,51,2001,2001,314,7198362,4.3621
,Virginia,51,2002,2002,401,7286873,5.503
,Virginia,51,2003,2003,421,7366977,5.7147
,Virginia,51,2004,2004,445,7475575,5.9527
,Virginia,51,2005,2005,454,7577105,5.9917
,Virginia,51,2006,2006,481,7673725,6.2681
,Virginia,51,2007,2007,522,7751000,6.7346
,Virginia,51,2008,2008,560,7833496,7.1488
,Virginia,51,2009,2009,516,7925937,6.5103
,Virginia,51,2010,2010,432,8001024,5.3993
,Virginia,51,2011,2011,627,8096604,7.744
,Virginia,51,2012,2012,553,8185867,6.7555
,Virginia,51,2013,2013,683,8260405,8.2684
,Virginia,51,2014,2014,777,8326289,9.3319
,Virginia,51,2015,2015,881,8382993,10.5094
,Virginia,51,2016,2016,1257,8411808,14.9433
Total,Virginia,51,,,9859,139832729,7.0506
,Washington,53,1999,1999,401,5842564,6.8634
,Washington,53,2000,2000,404,5894121,6.8543
,Washington,53,2001,2001,356,5985722,5.9475
,Washington,53,2002,2002,475,6052349,7.8482
,Washington,53,2003,2003,528,6104115,8.6499
,Washington,53,2004,2004,613,6178645,9.9213
,Washington,53,2005,2005,662,6257305,10.5796
,Washington,53,2006,2006,713,6370753,11.1918
,Washington,53,2007,2007,768,6461587,11.8856
,Washington,53,2008,2008,797,6562231,12.1453
,Washington,53,2009,2009,804,6667426,12.0586
,Washington,53,2010,2010,695,6724540,10.3353
,Washington,53,2011,2011,783,6830038,11.4641
,Washington,53,2012,2012,778,6897012,11.2802
,Washington,53,2013,2013,790,6971406,11.332
,Washington,53,2014,2014,789,7061530,11.1732
,Washington,53,2015,2015,885,7170351,12.3425
,Washington,53,2016,2016,906,7288000,12.4314
Total,Washington,53,,,12147,117319695,10.3538
,West Virginia,54,1999,1999,36,1811799,1.987
,West Virginia,54,2000,2000,56,1808344,3.0968
,West Virginia,54,2001,2001,121,1801481,6.7167
,West Virginia,54,2002,2002,146,1805414,8.0868
,West Virginia,54,2003,2003,231,1812295,12.7463
,West Virginia,54,2004,2004,281,1816438,15.4698
,West Virginia,54,2005,2005,157,1820492,8.624
,West Virginia,54,2006,2006,304,1827912,16.631
,West Virginia,54,2007,2007,344,1834052,18.7563
,West Virginia,54,2008,2008,395,1840310,21.4638
,West Virginia,54,2009,2009,181,1847775,9.7956
,West Virginia,54,2010,2010,443,1852994,23.9073
,West Virginia,54,2011,2011,570,1855364,30.7217
,West Virginia,54,2012,2012,491,1855413,26.4631
,West Virginia,54,2013,2013,524,1854304,28.2586
,West Virginia,54,2014,2014,558,1850326,30.1568
,West Virginia,54,2015,2015,647,1844128,35.0843
,West Virginia,54,2016,2016,817,1831102,44.6179
Total,West Virginia,54,,,6302,32969943,19.1144
,Wisconsin,55,1999,1999,122,5332666,2.2878
,Wisconsin,55,2000,2000,161,5363675,3.0017
,Wisconsin,55,2001,2001,178,5406835,3.2921
,Wisconsin,55,2002,2002,240,5445162,4.4076
,Wisconsin,55,2003,2003,276,5479203,5.0372
,Wisconsin,55,2004,2004,300,5514026,5.4407
,Wisconsin,55,2005,2005,373,5546166,6.7254
,Wisconsin,55,2006,2006,439,5577655,7.8707
,Wisconsin,55,2007,2007,467,5610775,8.3233
,Wisconsin,55,2008,2008,440,5640996,7.8
,Wisconsin,55,2009,2009,464,5669264,8.1845
,Wisconsin,55,2010,2010,468,5686986,8.2293
,Wisconsin,55,2011,2011,548,5711767,9.5942
,Wisconsin,55,2012,2012,569,5726398,9.9364
,Wisconsin,55,2013,2013,708,5742713,12.3287
,Wisconsin,55,2014,2014,705,5757564,12.2448
,Wisconsin,55,2015,2015,727,5771337,12.5967
,Wisconsin,55,2016,2016,947,5778708,16.3877
Total,Wisconsin,55,,,8132,100761896,8.0705
,Wyoming,56,1999,1999,11,491780,Unreliable
,Wyoming,56,2000,2000,15,493782,Unreliable
,Wyoming,56,2001,2001,13,494657,Unreliable
,Wyoming,56,2002,2002,24,500017,4.7998
,Wyoming,56,2003,2003,21,503453,4.1712
,Wyoming,56,2004,2004,28,509106,5.4998
,Wyoming,56,2005,2005,15,514157,Unreliable
,Wyoming,56,2006,2006,31,522667,5.9311
,Wyoming,56,2007,2007,45,534876,8.4132
,Wyoming,56,2008,2008,61,546043,11.1713
,Wyoming,56,2009,2009,56,559851,10.0027
,Wyoming,56,2010,2010,64,563626,11.355
,Wyoming,56,2011,2011,58,568158,10.2084
,Wyoming,56,2012,2012,67,576412,11.6236
,Wyoming,56,2013,2013,79,582658,13.5586
,Wyoming,56,2014,2014,87,584153,14.8934
,Wyoming,56,2015,2015,79,586107,13.4788
,Wyoming,56,2016,2016,79,585501,13.4927
Total,Wyoming,56,,,833,9717004,8.5726
Total,,,,,493398,5435746389,9.0769
---,,,,,,,
